,date,orders,warehouse
0,2022-01-01,1,A
1,2022-05-01,2,A
2,2022-04-10,3,A
3,2022-04-09,4,A
4,2022-01-01,5,B
5,2022-01-01,1,A
6,2022-05-01,2,A
7,2022-04-10,3,A
8,2022-04-09,4,A
9,2022-01-01,5,B
10,2022-01-01,1,A
11,2022-05-01,2,A
12,2022-04-10,3,A
13,2022-04-09,4,A
14,2022-01-01,5,B
